{"cameraMode":{"drawMode":0,"name":"Shaded","section":"Shading Mode"},"sceneLighting":false,"audioPlay":false,"sceneViewState":{"showFog":true,"showMaterialUpdate":false,"showSkybox":false,"showFlares":true,"showImageEffects":true,"showParticleSystems":true},"in2DMode":false,"pivot":{"x":-0.6623656749725342,"y":0.39456355571746828,"z":20.9704532623291},"rotation":{"x":-0.09079089015722275,"y":0.9072281718254089,"z":-0.3202069401741028,"w":-0.25724801421165469},"size":0.28234297037124636,"orthographic":false}