{"cameraMode":{"drawMode":0,"name":"Shaded","section":"Shading Mode"},"sceneLighting":true,"audioPlay":false,"sceneViewState":{"showFog":true,"showMaterialUpdate":false,"showSkybox":true,"showFlares":true,"showImageEffects":true,"showParticleSystems":true},"in2DMode":false,"pivot":{"x":0.0024472028017044069,"y":0.4976089596748352,"z":-7.329067707061768},"rotation":{"x":0.06745214760303498,"y":-0.007774245459586382,"z":-0.0006446588668040931,"w":-0.9977706670761108},"size":0.5212774276733398,"orthographic":false}