{"cameraMode":{"drawMode":0,"name":"Shaded","section":"Shading Mode"},"sceneLighting":false,"audioPlay":false,"sceneViewState":{"showFog":true,"showMaterialUpdate":false,"showSkybox":false,"showFlares":true,"showImageEffects":true,"showParticleSystems":true},"in2DMode":false,"pivot":{"x":0.0020000000949949028,"y":0.15000000596046449,"z":-7.591000080108643},"rotation":{"x":-0.18546372652053834,"y":0.6499132513999939,"z":-0.16795840859413148,"w":-0.7176517248153687},"size":10.0,"orthographic":false}