{"cameraMode":{"drawMode":0,"name":"Shaded","section":"Shading Mode"},"sceneLighting":false,"audioPlay":false,"sceneViewState":{"showFog":true,"showMaterialUpdate":false,"showSkybox":false,"showFlares":true,"showImageEffects":true,"showParticleSystems":true},"in2DMode":false,"pivot":{"x":0.12073330581188202,"y":0.4066348075866699,"z":2.0061373710632326},"rotation":{"x":-0.3750793933868408,"y":0.04252089187502861,"z":-0.017239568755030633,"w":-0.925879955291748},"size":0.6663402318954468,"orthographic":false}