{"cameraMode":{"drawMode":0,"name":"Shaded","section":"Shading Mode"},"sceneLighting":false,"audioPlay":false,"sceneViewState":{"showFog":true,"showMaterialUpdate":false,"showSkybox":false,"showFlares":true,"showImageEffects":true,"showParticleSystems":true},"in2DMode":false,"pivot":{"x":-0.9312056303024292,"y":0.35848456621170046,"z":16.28062629699707},"rotation":{"x":-0.135714590549469,"y":0.5758417844772339,"z":-0.09769251942634583,"w":-0.8003438711166382},"size":1.2377142906188965,"orthographic":false}