{"cameraMode":{"drawMode":0,"name":"Shaded","section":"Shading Mode"},"sceneLighting":false,"audioPlay":false,"sceneViewState":{"showFog":true,"showMaterialUpdate":false,"showSkybox":false,"showFlares":true,"showImageEffects":true,"showParticleSystems":true},"in2DMode":false,"pivot":{"x":0.1799999624490738,"y":0.40000009536743166,"z":10.920000076293946},"rotation":{"x":-0.24071285128593446,"y":0.07793183624744415,"z":-0.01940491609275341,"w":-0.9672853350639343},"size":0.6600865125656128,"orthographic":false}